{"options":{"check_for_updates":true,"comment":null,"compat_foreach":false,"compat_metadata":false,"compat_powerful_this":null,"compat_wrappedjsobject":false,"compatopts_for_requires":true,"noframes":null,"override":{"merge_connects":true,"merge_excludes":true,"merge_includes":true,"merge_matches":true,"orig_connects":[],"orig_excludes":[],"orig_includes":[],"orig_matches":["https://algeria.blsspainglobal.com/DZA/account/login*","https://algeria.blsspainglobal.com/DZA/Account/LogIn*"],"orig_noframes":null,"orig_run_at":"document-end","orig_tags":[],"use_blockers":[],"use_connects":[],"use_excludes":[],"use_includes":[],"use_matches":[]},"run_at":null,"sandbox":null,"tab_types":null,"tags":[],"unwrap":null,"user_modified":1724967505311},"settings":{"enabled":true,"position":1},"meta":{"name":"BLS Spain ALG Login Bot","uuid":"2b6235b6-9302-4e66-8611-559ba3567a06","modified":1724967505310}}