{"options":{"check_for_updates":true,"comment":null,"compat_foreach":false,"compat_metadata":false,"compat_powerful_this":null,"compat_wrappedjsobject":false,"compatopts_for_requires":true,"noframes":null,"override":{"merge_connects":true,"merge_excludes":true,"merge_includes":true,"merge_matches":true,"orig_connects":[],"orig_excludes":[],"orig_includes":[],"orig_matches":["https://algeria.blsspainglobal.com/DZA/newcaptcha/logincaptcha*","https://algeria.blsspainglobal.com/DZA/NewCaptcha/LoginCaptcha*"],"orig_noframes":null,"orig_run_at":"document-end","orig_tags":[],"use_blockers":[],"use_connects":[],"use_excludes":[],"use_includes":[],"use_matches":[]},"run_at":null,"sandbox":null,"tab_types":null,"tags":[],"unwrap":null,"user_modified":1724967752047},"settings":{"enabled":true,"position":2},"meta":{"name":"BLS Spain ALG Login Captcha Bot","uuid":"e9fd52f3-c532-4840-b649-a1d2b429a28a","modified":1724967752047}}