{"options":{"check_for_updates":true,"comment":null,"compat_foreach":false,"compat_metadata":false,"compat_powerful_this":null,"compat_wrappedjsobject":false,"compatopts_for_requires":true,"noframes":null,"override":{"merge_connects":true,"merge_excludes":true,"merge_includes":true,"merge_matches":true,"orig_connects":[],"orig_excludes":[],"orig_includes":[],"orig_matches":["https://algeria.blsspainglobal.com/DZA/Appointment/AppointmentCaptcha*","https://algeria.blsspainglobal.com/DZA/appointment/appointmentcaptcha*","https://www.blsspainmorocco.net/MAR/Captcha/GenerateCaptcha?data*"],"orig_noframes":null,"orig_run_at":"document-end","orig_tags":[],"use_blockers":[],"use_connects":[],"use_excludes":[],"use_includes":[],"use_matches":[]},"run_at":null,"sandbox":null,"tab_types":null,"tags":[],"unwrap":null,"user_modified":1725389228513},"settings":{"enabled":true,"position":3},"meta":{"name":"BLS Spain ALG Appointment Captcha Bot","uuid":"e833d7d0-7fb9-44ba-9d88-44abc251c476","modified":1725389228513}}