{"options":{"check_for_updates":true,"comment":null,"compat_foreach":false,"compat_metadata":false,"compat_powerful_this":null,"compat_wrappedjsobject":false,"compatopts_for_requires":true,"noframes":null,"override":{"merge_connects":true,"merge_excludes":true,"merge_includes":true,"merge_matches":true,"orig_connects":[],"orig_excludes":[],"orig_includes":[],"orig_matches":["https://algeria.blsspainglobal.com/DZA/Appointment/VisaType?data*","https://algeria.blsspainglobal.com/DZA/Appointment/VisaType?data*"],"orig_noframes":null,"orig_run_at":"document-end","orig_tags":[],"use_blockers":[],"use_connects":[],"use_excludes":[],"use_includes":[],"use_matches":[]},"run_at":null,"sandbox":null,"tab_types":null,"tags":[],"unwrap":null,"user_modified":1724969728144},"settings":{"enabled":false,"position":4},"meta":{"name":"BLS Spain ALG Modify new","uuid":"fcd0f98f-011a-4f04-8df1-e622567bcee5","modified":1724969728143}}