{"options":{"check_for_updates":true,"comment":null,"compat_foreach":false,"compat_metadata":false,"compat_powerful_this":null,"compat_wrappedjsobject":false,"compatopts_for_requires":true,"noframes":null,"override":{"merge_connects":true,"merge_excludes":true,"merge_includes":true,"merge_matches":true,"orig_connects":[],"orig_excludes":[],"orig_includes":[],"orig_matches":["https://algeria.blsspainglobal.com/DZA/account/changepassword?alert=True","https://algeria.blsspainglobal.com/dza/home/index"],"orig_noframes":null,"orig_run_at":"document-idle","orig_tags":[],"use_blockers":[],"use_connects":[],"use_excludes":[],"use_includes":[],"use_matches":[]},"run_at":null,"sandbox":null,"tab_types":null,"tags":[],"unwrap":null,"user_modified":1724970440651},"settings":{"enabled":true,"position":7},"meta":{"name":"CLIK BOOK APPOTMENT","uuid":"face27f0-f464-41f2-906c-bdf2fddd1bae","modified":1724970440650}}