{"options":{"check_for_updates":true,"comment":null,"compat_foreach":false,"compat_metadata":false,"compat_powerful_this":null,"compat_wrappedjsobject":false,"compatopts_for_requires":true,"noframes":null,"override":{"merge_connects":true,"merge_excludes":true,"merge_includes":true,"merge_matches":true,"orig_connects":[],"orig_excludes":[],"orig_includes":[],"orig_matches":["https://algeria.blsspainglobal.com/*"],"orig_noframes":null,"orig_run_at":"document-idle","orig_tags":[],"use_blockers":[],"use_connects":[],"use_excludes":[],"use_includes":[],"use_matches":[]},"run_at":null,"sandbox":null,"tab_types":null,"tags":[],"unwrap":null,"user_modified":1724968351061},"settings":{"enabled":true,"position":6},"meta":{"name":"manage alg","uuid":"62117b2a-c612-4784-b201-84e91e5e4d22","modified":1724968351060}}