{"options":{"check_for_updates":true,"user_modified":1725631509145,"comment":null,"compatopts_for_requires":true,"compat_wrappedjsobject":false,"compat_metadata":false,"compat_foreach":false,"compat_powerful_this":null,"sandbox":null,"noframes":null,"unwrap":null,"run_at":null,"tab_types":null,"tags":[],"override":{"merge_connects":true,"merge_excludes":true,"merge_includes":true,"merge_matches":true,"orig_connects":[],"orig_excludes":[],"orig_includes":[],"orig_matches":["https://algeria.blsspainglobal.com/DZA/Appointment/VisaType?data*"],"orig_noframes":null,"orig_run_at":"document-idle","orig_tags":[],"use_blockers":[],"use_connects":[],"use_excludes":[],"use_includes":[],"use_matches":[]}},"settings":{"enabled":true,"position":8},"meta":{"name":"New MODYFY TKIL","uuid":"160ef279-1090-4621-8271-330602618aca","modified":1725631509144}}